Time:128Hz,Epoch,Oscillator 1,Oscillator 2,Oscillator 3,Oscillator 4,Oscillator 5,Oscillator 6,Oscillator 7,Oscillator 8,Oscillator 9,Oscillator 10,Oscillator 11,Oscillator 12,Oscillator 13,Oscillator 14,Oscillator 15,Oscillator 16,Event Id,Event Date,Event Duration
8.0000000000,0,-1.3537651300,1.2114033699,-2.7828617096,0.6499014497,-1.7218557596,-1.3211468458,0.4859031141,-2.5211985111,1.5130439997,-1.3906556368,0.5988299847,1.1975924969,-0.7640863061,2.7983140945,-0.6930968761,1.9735380411,,,
8.0078125000,0,-1.6565504074,1.3844275475,-1.5171580315,-0.9996239543,-0.1164084524,-1.3848466873,-0.9919193387,-1.1657340527,-0.1349087954,-1.9397314787,-0.3849219978,0.4550696015,-2.3217113018,1.3245159388,-0.0227334704,-1.0869939327,,,
8.0156250000,0,-1.7175987959,0.6969512701,-0.2705651522,0.1563701481,-1.4416624308,-1.4261963367,1.2557950020,-1.5352479219,-1.4051579237,-0.9079763889,-0.7196092606,0.2409760356,-2.8109738827,-0.9115822911,0.2569527924,-1.4725856781,,,
8.0234375000,0,-1.5028247833,0.0518067069,-1.0190101862,1.1361961365,1.0977860689,-0.7782340646,0.1022156104,-1.8283189535,-0.2528526485,1.0481944084,-0.1757486910,1.0173087120,-1.4215716124,-1.3769537210,0.0866044909,-0.6887586117,,,
8.0312500000,0,-1.0532541275,0.3120089471,-1.6000852585,-0.3499956429,0.1828519106,-0.6567265987,1.7683113813,0.7831621766,1.4255725145,2.4581611156,0.5154722333,1.8901864290,0.6355890036,-0.2762583792,0.9992547631,-0.9355372190,,,
8.0390625000,0,-0.4740052223,1.4124972820,-0.1632405967,0.9169333577,1.5322554111,0.1033044234,2.0425508022,1.0214657784,0.8538485169,2.2985112667,0.4325829148,1.6815443039,1.5969908237,0.2514101565,1.9973461628,0.4237275720,,,
8.0468750000,0,0.0942953154,2.4195697308,1.0141651630,1.6366748810,1.9947692156,-0.2579342723,0.9072017670,-0.1284613609,-0.9947636127,0.8538782597,-0.5570523143,0.3680375218,1.2621532679,-0.5946745276,0.6868665814,-0.5290995240,,,
8.0546875000,0,0.5138301253,2.4775755405,0.1202819869,-0.1046778783,1.0774428844,0.1297369152,2.0295484066,1.1202489138,-1.4831461906,-0.5643475652,-1.6133934259,-0.8301452398,0.9518269897,-1.4313321114,-1.1769881248,-0.8109017611,,,
8.0625000000,0,0.6871421933,1.6763814688,-0.5394085646,0.8935582042,2.6145904064,-0.8698552847,-0.7469888330,0.4567289054,-0.9636125565,-0.7785426974,-1.7328333855,-0.8269119859,1.4615427256,-1.0388561487,-0.3796836436,2.5909318924,,,
8.0703125000,0,0.5836300254,0.9540209770,0.7341141105,1.0874339342,0.3383104503,-0.6394959092,-0.0869264156,-1.2064813375,-1.4083963633,0.2393100411,-0.7382536530,0.1104490682,1.8811411858,0.0018795941,0.9236090779,1.5261182785,,,
8.0781250000,0,0.2477277815,1.1341385841,1.5563830137,-1.0095666647,1.6285915375,-1.7517595291,-1.2582575083,0.5286047459,-2.0814032555,1.3779982328,0.5482581854,0.7370815277,0.9196420908,0.5897694826,-0.8279557824,-0.9616325498,,,
8.0859375000,0,-0.2134703547,2.0813350677,0.3115107417,-0.2239418924,0.0616198294,-1.0278693438,-1.8007510900,1.2679675817,-0.8454621434,1.3968421221,1.1213947535,0.3444801271,-1.1059485674,0.7799609303,-2.8094921112,0.6691152453,,,
8.0937500000,0,-0.6597469449,2.8370780945,-0.5478504896,-0.3303924203,-0.0504059084,-1.6790735722,-0.1216074228,0.4644826949,1.3059422970,0.0371166728,0.7687628865,-0.3931718767,-2.4107756615,1.1587468386,-0.8971487880,0.3225552440,,,
8.1015625000,0,-0.9563630223,2.5974802971,0.5259632468,-2.4103579521,0.4753135443,-0.1724216640,-1.5067270994,2.2153549194,1.3932512999,-1.7374473810,0.2215244472,-0.2470948547,-1.9109907150,1.3720771074,1.7692884207,-0.8149567246,,,
8.1093750000,0,-1.0111432076,1.5345140696,1.0554271936,-1.3952383995,-0.9782183766,-0.4436799288,0.6999453306,2.3339114189,-0.3975793123,-2.5697712898,0.3381696343,1.0525715351,-0.5353162289,0.6307988763,0.6494111419,-0.7784110904,,,
8.1171875000,0,-0.7998792529,0.6220598817,-0.3774423301,-1.3330638409,1.1147983074,1.3935486078,-0.3491430581,-0.0701601282,-0.9854348302,-1.8722357750,1.1659079790,2.4262118340,0.0700794458,-0.5940691233,-1.2018703222,-2.0640475750,,,
8.1250000000,0,-0.3730870783,0.6443636417,-1.2000360489,-2.9606473446,-0.4431993067,0.8337597251,-0.4718677998,0.1055562124,0.3351821303,-0.3088595569,1.8482606411,2.6535956860,-0.3242444694,-0.8457731009,0.5950803161,-0.2443347424,,,
8.1328125000,0,0.1577337831,1.3993321657,-0.0446959026,-1.4014362097,1.2640471458,2.3026738167,-0.0968649611,-0.1308375299,1.1642339230,0.8084118962,1.4834746122,1.7581715584,-0.4285261631,0.0515090637,2.8050153255,1.6235122681,,,
8.1406250000,0,0.6505755186,1.9100854397,0.5062575340,-1.0004326105,0.9105144739,0.9621821046,-2.2982513905,-2.0979104042,0.7311696410,0.6638998389,0.0655983984,0.9328174591,0.5713753700,0.3815555871,1.0728944540,-0.9355568886,,,
8.1484375000,0,0.9717789888,1.4285533428,-0.7871420383,-2.1697053909,0.6018447876,1.9048146009,-0.6398828030,-0.8482429385,0.9781648517,-0.3810429275,-1.4510755539,1.1034171581,1.7248417139,-0.9423003793,-1.5073515177,0.0068207639,,,
8.1562500000,0,1.0326247215,0.2060634941,-1.2737222910,-0.2497007549,1.6573022604,0.0263321344,-2.0196037292,0.4721812606,2.1876151562,-1.1511183977,-2.0389263630,1.8409925699,1.5457154512,-2.3511314392,-0.7882040739,2.5312972069,,,
8.1640625000,0,0.8136281967,-0.7562163472,0.2012884170,0.1665766835,-0.5154886842,0.9763175249,-0.6647768021,-0.8409041762,1.9035277367,-0.7245182395,-1.5479540825,1.9133239985,0.0879425481,-1.5493259430,0.6355117559,0.6955498457,,,
8.1718750000,0,0.3698833883,-0.7223927379,0.9431787729,-0.9592676759,0.8673356175,-0.7672008872,0.5595892668,-0.1115073338,-0.4296255708,0.7407774329,-0.7712111473,0.8130086660,-1.0020606518,1.0253722668,-0.5821802616,-0.0708522573,,,
8.1796875000,0,-0.1840126067,0.0338234454,-0.1187712029,0.8513185382,-1.3636453152,0.7552009821,0.1033629775,0.3902571499,-1.8650356531,2.1383213997,-0.5753328204,-0.5655982494,-0.5844824314,2.4087493420,-2.0109531879,-0.2920562923,,,
8.1875000000,0,-0.7053201795,0.5154027343,-0.2770914435,0.8479589224,-1.0353089571,-0.5517049432,2.4890272617,-1.9791175127,-0.7830471396,2.3710184097,-0.9937685728,-0.9181988239,0.5344465375,1.0986188650,-0.9527466893,-1.1215617657,,,
8.1953125000,0,-1.0622096062,0.0263139419,1.4037740231,-0.5721094012,-1.4594928026,1.4564714432,0.7264332771,-1.8865232468,0.4856670499,1.2884211540,-1.2115838528,-0.0246220902,0.7502793074,-0.7979314923,0.5551082492,0.3263177276,,,
8.2031250000,0,-1.1698027849,-1.1123425961,2.1389119625,0.9131659269,-2.5997395515,0.1726383418,1.6118708849,-0.5924766660,-0.0732048824,-0.2078905851,-0.4556692839,1.0210264921,-0.1827328205,-0.5119628906,0.5775354505,-0.9611939192,,,
8.2109375000,0,-1.0133259296,-1.8858631849,1.0477139950,0.4494019747,-0.9339948297,2.0346887112,0.8022068739,-1.5311560631,-0.9354390502,-0.9625867605,1.1249068975,1.1122026443,-0.9096149206,1.4516122341,0.4855675101,-2.5328111649,,,
8.2187500000,0,-0.6520308256,-1.6189044714,0.9007536769,-1.1290644407,-2.5894682407,0.1667718589,-0.4887731373,-0.2166814655,-0.5091221929,-0.5554150343,2.5002579689,0.4160163701,-0.4296755791,2.0442540646,0.9451070428,0.9571120739,,,
8.2265625000,0,-0.2028092742,-0.6631627083,2.4349875450,0.2989369929,-0.3643950224,1.4727927446,0.9455971718,2.0371074677,-0.2971180677,0.3795200884,2.7008047104,0.1199229136,0.4766068757,0.0273878854,0.8247650266,1.5298191309,,,
8.2343750000,0,0.1920065135,-0.0375960842,2.8180179596,-0.2421426177,-1.0564978123,-1.0165442228,-0.7817218900,0.9059890509,-1.6473003626,0.7609103322,1.7209824324,0.9497476816,0.3325392008,-2.2831821442,0.4589978456,-0.4507550001,,,
8.2421875000,0,0.4038305879,-0.3885936141,1.3918590546,-1.5437865257,-0.2426802665,0.0569916330,1.2995055914,0.7796410918,-2.5131471157,0.0398620628,0.4824627936,2.2331042290,-0.9227831960,-2.2554588318,0.6070536971,0.9164236188,,,
8.2500000000,0,0.3532562852,-1.3318947554,1.0008796453,0.2270212919,0.6983686686,-2.4290382862,0.9494681358,1.7146760225,-0.8368681669,-1.3108210564,-0.0967444703,2.6345310211,-1.7185806036,-0.4075721502,-0.0277477447,1.0790244341,,,
8.2578125000,0,0.0320223160,-1.8481837511,2.2005436420,-0.0623947047,-0.5594614744,-0.8893854618,0.9293389916,-0.2443734109,1.4864352942,-2.2119619846,0.0194564946,1.6997638941,-0.8832004070,0.6797314286,-1.6272938251,0.6582069993,,,
8.2656250000,0,-0.4945103824,-1.3282618523,2.1409509182,-0.8863430023,1.2546565533,-2.7804563046,1.9386092424,-0.6093760133,1.5876230001,-1.9158029556,0.0436887592,0.3810482621,0.8011360168,0.0526651666,-1.5818634033,0.6440472603,,,
8.2734375000,0,-1.1050512791,-0.2003362477,0.3977177441,1.2484177351,-0.8539054990,-0.5097206831,-0.5258825421,1.2997492552,0.3092141449,-0.6407712102,-0.7160184979,-0.0783318877,1.6136066914,-0.6907636523,0.1978831142,-1.9519644976,,,
8.2812500000,0,-1.6553961039,0.5013434887,-0.1267176718,1.0723023415,0.3070217669,-1.9098396301,0.4562289417,0.6258680820,0.2255339772,0.6373606920,-2.0328602791,0.4228576124,1.0957493782,-0.1051872596,0.2178726643,-1.3058227301,,,
8.2890625000,0,-2.0177187920,0.1862355620,0.9301285148,0.4379590154,-0.6567898989,0.6198542714,-1.6819880009,0.6623997688,0.9784044623,1.0330557823,-2.8927977085,0.7888565063,0.4705656767,1.1069942713,-1.4347375631,1.0098538399,,,
8.2968750000,0,-2.1153728962,-0.6960812211,0.7002599835,2.5206661224,-1.0794826746,-0.9365195632,-1.8205925226,2.3342101574,0.5728394985,0.4865624011,-2.4656565189,0.1040234417,0.7752647400,1.4822542667,-0.5920411944,-1.4471641779,,,
8.3046875000,0,-1.9436678886,-1.1216133833,-1.0266183615,1.9991686344,0.0812563226,1.2013863325,-1.1295409203,0.6606559157,-0.2766493559,-0.2422153652,-0.9395022988,-1.2080154419,1.3329737186,0.9436837435,2.2880830765,-1.5132132769,,,
8.3125000000,0,-1.5709255934,-0.5439621806,-1.3314549923,1.1086779833,-1.4246877432,-0.9183882475,-2.2765705585,-0.9970281124,0.6133208871,-0.2885536253,0.6281620860,-1.8334268332,0.7018299699,0.4336826503,2.1605703831,1.2994918823,,,
8.3203125000,0,-1.1195327044,0.5418815017,-0.0747023895,2.7539041042,0.9461965561,0.7532986999,0.2684481442,-0.2507593334,2.3281414509,0.5389815569,1.2985541821,-1.1011110544,-1.1909135580,0.1395803094,-0.6265976429,0.9533789754,,,
8.3281250000,0,-0.7321819663,1.0999087095,-0.1549223363,1.6441340446,-0.1648039520,-1.6143364906,-0.8497371674,-1.6560457945,1.9074907303,1.5954489708,1.0899353027,0.2177506983,-2.6900827885,-0.5296769738,-0.7042366266,1.0293660164,,,
8.3359375000,0,-0.5325571299,0.6068632603,-1.5924431086,0.4206752479,1.4164421558,0.1481621265,0.3258543611,-2.4634709358,-0.4834929705,1.9736722708,0.8346913457,0.7943819165,-2.3967692852,-1.3858809471,1.5921705961,0.7139132619,,,
8.3437500000,0,-0.5912389159,-0.4165024161,-1.4878177643,1.7141032219,1.8131815195,-1.8184729815,0.3362347186,-0.1958201677,-1.7187566757,1.2947132587,1.2231887579,0.2653717995,-0.8699262142,-1.3438242674,0.8912249207,-0.5024920106,,,
8.3515625000,0,-0.9061779976,-0.9390651584,0.0604708903,0.2791467905,1.2881864309,0.5168456435,-1.2003351450,-0.1874477416,-0.9749610424,0.0241245609,2.0267341137,-0.4064816833,0.2111465633,-0.2630116642,-2.2438416481,1.2987335920,,,
8.3593750000,0,-1.4030874968,-0.4728571177,0.1318770647,-0.8875488043,2.9149975777,-0.8604705930,0.1603910029,-0.9131799340,-0.5642754436,-0.9424498677,2.3033189774,-0.1498359889,0.2485493720,0.3952151239,-2.3004496098,0.2335786372,,,
8.3671875000,0,-1.9556509256,0.4293726683,-1.1027194262,0.5017607808,0.8036632538,1.8319892883,-1.9162704945,0.6396853924,-1.2367635965,-1.0407574177,1.3813209534,0.8794082999,0.3036071658,-0.3311976790,0.3587877750,-2.8802077770,,,
8.3750000000,0,-2.4200067520,0.7406305671,-0.7699043751,-0.7894707322,2.2190768719,0.5231998563,-0.3107548356,-0.2614525259,-1.0316311121,-0.4788886011,-0.3845931888,1.4430847168,1.3305203915,-1.1342368126,0.6562622190,-0.6564481854,,,
8.3828125000,0,-2.6740608215,0.0116527090,0.8105285168,-1.4905909300,0.3977738023,2.8673384190,-0.1445076019,-2.0289525986,0.3650050163,0.0058162571,-1.8680377007,0.6813144684,2.5769512653,-0.1459650844,-1.1003121138,0.5304071307,,,
8.3906250000,0,-2.6508526802,-1.1659754515,0.7336273193,0.2746271491,0.2853035629,0.9958549738,0.0931371003,-0.5502758026,0.4678417444,-0.1682924628,-2.1968171597,-0.8455182314,2.4289309978,2.0311057568,-0.5884759426,-1.0069770813,,,
8.3984375000,0,-2.3568332195,-1.7586333752,-0.6134684086,-0.7331153154,0.3123001754,2.5941197872,2.3708505630,-0.2700606287,-1.3769019842,-0.9133740664,-1.5286864042,-1.7754019499,0.5998975635,2.6895933151,1.6333320141,0.0522139817,,,
8.4062500000,0,-1.8700433969,-1.3401184082,-0.3709323108,-1.0032688379,-1.3224060535,0.1582586914,0.9065442681,-0.7939145565,-2.2885196209,-1.5672109127,-0.8079425097,-1.4968135357,-1.3266354799,0.7478506565,1.8048031330,0.4196763039,,,
8.4140625000,0,-1.3186956644,-0.5202939510,0.9491224885,0.9273450971,0.4194995463,1.3653041124,2.5925233364,1.6654859781,-0.6383798718,-1.4888482094,-0.7647702694,-0.8009355664,-1.7917404175,-1.4739290476,0.3618965447,1.0524424314,,,
8.4218750000,0,-0.8460256457,-0.3154537678,0.4973669946,-0.1230424270,-1.3889431953,-1.0015314817,1.1060823202,2.3512487411,1.2364952564,-0.6182525158,-1.1812603474,-0.8717010021,-1.0863265991,-1.3079239130,0.0209218636,2.2792763710,,,
8.4296875000,0,-0.5710518956,-1.1036188602,-1.1051300764,-0.3713242114,0.3865740001,0.4867810011,0.3769378662,0.8010527492,1.2364810705,0.4814058244,-1.1676468849,-1.8263528347,-0.7037106156,0.5475848317,0.2885408998,-0.5075253248,,,
8.4375000000,0,-0.5559931397,-2.2318365574,-1.0140888691,1.2877236605,-0.0937765315,-1.2765601873,0.7949752212,1.5940262079,0.7911385894,1.1118657589,-0.1564768553,-2.5504770279,-1.1771862507,1.0399358273,-0.2982733250,-1.0279040337,,,
8.4453125000,0,-0.7892766595,-2.6767432690,0.0745514706,-0.1773157269,0.0061418330,0.6868470907,-1.2840706110,1.1460164785,1.4591562748,1.0143554211,1.4137836695,-2.0280470848,-1.3890885115,-0.8506039977,-0.8475918770,1.4172177315,,,
8.4531250000,0,-1.1887921095,-2.0840787888,-0.6199759245,-0.6730908751,1.1689573526,-0.6398043036,0.6804274917,-1.0549473763,1.7236701250,0.5356878638,2.4409365654,-0.5844348073,-0.2742512226,-2.6237931252,-0.8081592321,-0.8224400282,,,
8.4609375000,0,-1.6244990826,-1.1258411407,-2.2560989857,0.5838450789,-0.6101888418,1.2995781898,-0.4229385555,0.0316401348,0.1981725544,0.2693012059,2.1977331638,0.4414422810,1.4756473303,-1.7781400681,-1.1099689007,-2.2439229488,,,
8.4687500000,0,-1.9541909695,-0.8105444908,-2.0373919010,-1.2406389713,1.0411752462,-0.2169286460,0.5456811786,0.9420216084,-1.0711781979,0.5128638148,1.0246858597,0.2164782584,2.1200292110,0.7425522804,-1.0799163580,-0.4426589608,,,
8.4765625000,0,-2.0626130104,-1.4510530233,-0.8626466393,-1.7696710825,-1.1313987970,1.1242567301,1.2494459152,-0.2630061209,0.0659569874,1.0216624737,-0.0207222961,-0.6691675782,1.0938277245,1.9876344204,0.4117605984,-0.3558984995,,,
8.4843750000,0,-1.8932114840,-2.3440959454,-1.4557067156,-0.5749369860,-0.5753917098,-0.8758015037,-0.3751005232,0.9430797100,1.8229018450,1.2529315948,-0.2028910220,-0.9643193483,-0.2543230057,1.0261012316,1.4199252129,0.6332802176,,,
8.4921875000,0,-1.4638122320,-2.4887750149,-2.7870187759,-2.3167328835,-1.2870006561,-0.0726289749,0.9267748594,1.4290571213,1.3599699736,0.8604722619,0.2127421796,-0.2819588482,-0.4233760834,-0.1835253537,0.2958683074,0.7740345597,,,
8.5000000000,0,-0.8619273305,-1.6103428602,-2.1502056122,-2.4201772213,-2.4019637108,-2.1221909523,-1.6465868950,-1.0676279068,-0.4879621267,-0.0026510078,0.3165851533,0.4323571026,0.3460117280,0.0948857963,-0.2568214834,-0.6316205859,,,
8.5078125000,0,-0.2209786177,-0.4437511265,-0.6663787961,-0.8803883791,-1.0696486235,-1.2113411427,-1.2790193558,-1.2473140955,-1.0974736214,-0.8226975203,-0.4321716130,0.0471349470,0.5715183020,1.0845797062,1.5238860846,1.8293948174,,,
8.5156250000,0,0.3160512745,0.0126827108,-1.0071713924,-2.2192087173,-2.8833198547,-2.6271486282,-1.7370481491,-0.9219550490,-0.7412432432,-1.1587665081,-1.5830295086,-1.3603708744,-0.3217855096,1.0595328808,2.0284719467,2.1363546848,,,
8.5234375000,0,0.6355777383,-0.4884942472,-1.9731836319,-1.7338529825,-0.6971638203,-1.1321141720,-2.5910749435,-2.6971967220,-1.3748623133,-0.9818398952,-2.1076123714,-2.5280416012,-1.1796171665,-0.0680511892,-0.7082644701,-1.4415159225,,,
8.5312500000,0,0.6843084693,-1.1972578764,-0.9675137997,0.1326375455,-1.5464912653,-1.7697575092,-0.3368374109,-1.6376811266,-2.2793056965,-0.6395605206,-1.4349311590,-2.4348757267,-0.7485065460,-0.9738646150,-2.2530214787,-0.6986679435,,,
8.5390625000,0,0.4836074412,-1.1387304068,0.6754775047,-0.9786472917,-0.3977325857,0.0495622940,-1.4778138399,0.3916392326,-1.2369821072,-0.5096792579,-0.0549970903,-1.4470059872,0.5054025054,-1.0722146034,-0.1851205826,0.2821812034,,,
8.5468750000,0,0.1233948171,-0.1158256754,0.3615369499,-0.2369778305,0.5743925571,-0.3678699732,0.7472404838,-0.5111771226,0.8683915734,-0.6671772003,0.9300695658,-0.8333264589,0.9289909005,-1.0041146278,0.8665984869,-1.1712238789,,,
8.5546875000,0,-0.2627440393,1.0822029114,-0.5286408067,1.5153279305,-0.2275180668,1.0726292133,0.4711542726,0.0770363510,1.0153529644,-0.8504357934,0.8624522686,-1.2351617813,-0.1127255186,-1.0656040907,-1.4917893410,-0.7586299181,,,
8.5625000000,0,-0.5344158411,1.4785310030,0.5018327832,0.1662634611,1.8244574070,0.2704628706,0.0384504162,1.2238131762,-0.7587732673,-0.7285007238,0.1317479163,-1.9130120277,-1.3485013247,-0.6001380682,-2.3748035431,-1.1522612572,,,
8.5703125000,0,-0.5831394792,0.8994280100,1.9393452406,0.7150502801,-0.0735834688,0.9923439622,1.0570764542,-0.7833908796,-1.4058183432,-0.2104620337,-0.2757989168,-1.6642298698,-1.2514475584,0.5480602980,0.5870599151,-0.3907188773,,,
8.5781250000,0,-0.3623150289,0.1454251260,1.3090953827,1.9868948460,1.3536438942,-0.1486421078,-1.2232569456,-1.0552167892,-0.1086670235,0.4753737152,0.1860405207,-0.3140250742,-0.0086429249,1.2255798578,2.3680644035,2.3088083267,,,
8.5859375000,0,0.0997748598,0.1684145778,0.1929685622,0.1878850162,0.1903422177,0.2431562394,0.3726439774,0.5716645122,0.7964527011,0.9802931547,1.0597701073,1.0033308268,0.8298799396,0.6082116365,0.4353370667,0.4004485309,,,
8.5937500000,0,0.7074951530,1.0951867104,0.9985772967,0.4881173670,-0.1656159908,-0.6242300868,-0.6468443871,-0.2078753561,0.4901174903,1.1147871017,1.3656393290,1.1202027798,0.4935146868,-0.2180622965,-0.6813114285,-0.6885312796,,,
8.6015625000,0,1.3238598108,2.0946867466,2.0600206852,1.3912800550,0.5603974462,0.0497157536,0.0740967765,0.4825140238,0.8921542168,0.9627179503,0.6325305104,0.1644160897,-0.0288682710,0.3311151862,1.1770495176,2.0969836712,,,
8.6093750000,0,1.8078788519,2.2246530056,1.0473228693,-0.5785083175,-1.1569167376,-0.1252022237,1.6854093075,2.7898452282,2.3251020908,0.7546203732,-0.5796052814,-0.6280930042,0.5022785068,1.7101929188,1.8909925222,0.8630617261,,,
8.6171875000,0,2.0530178547,1.3931419849,-0.2604231238,-0.1501452923,0.9019770622,0.8989587426,0.6920174360,1.6962642670,2.2902233601,0.6426742077,-1.2075384855,-0.3879428208,1.6922086477,1.6312447786,-0.2787020802,-1.1146888733,,,
8.6250000000,0,2.0162305832,0.4530780315,0.4386676550,0.8084971309,-0.5509408116,1.1160607338,2.9219486713,0.7927494049,0.0869371817,0.5871647596,-0.7350645661,0.3795899153,1.8968055248,-0.5802342892,-1.6648606062,-0.7003985643,,,
8.6328125000,0,1.7296086550,0.3332413733,1.3239394426,-0.9071313739,1.0721753836,1.9022758007,1.1574730873,1.5887769461,-1.3881827593,0.4374549985,0.2965939939,0.4468816817,0.4133368731,-2.5587534904,-0.7692615986,-1.3604869843,,,
8.6406250000,0,1.2914584875,1.0930172205,0.2045180798,-0.0159440581,1.2514066696,1.8307564259,1.3002343178,-0.3592215478,-0.3908181787,0.1052041426,0.8359582424,-0.6078670621,-1.4859914780,-1.9253793955,-0.2632316947,-0.2266167402,,,
8.6484375000,0,0.8392495513,1.8660365343,-0.9762336612,1.2012785673,1.0331779718,1.8163939714,0.7749796510,-1.5057374239,0.8578830361,-0.3417969048,0.3725180924,-1.8253362179,-2.1011855602,0.3264399767,-0.8802689910,0.1795762479,,,
8.6562500000,0,0.5118510127,1.7500917912,-0.0612276308,-0.2037889957,2.7127470970,1.2000378370,-1.2514101267,0.2639007270,0.2970522046,-0.7403321266,-0.5706798434,-1.9395699501,-1.3689231873,1.1048651934,-0.7489301562,-1.8705146313,,,
8.6640625000,0,0.4114066958,0.7343773246,0.9559361339,1.0233843327,0.8522572517,0.5157052279,0.1737714410,-0.1855600178,-0.6266133189,-0.9686041474,-0.9958412647,-0.8365959525,-0.7009513974,-0.4490700960,0.0826778188,0.6051480174,,,
8.6718750000,0,0.5752971768,-0.2830411792,0.0084667057,2.2180144787,2.5008430481,-0.1624354720,-1.6641409397,-0.6642865539,-0.2989058197,-1.0209672451,-0.4643810391,0.3285411298,-0.8996099830,-1.7569134235,0.4431803524,2.6774411201,,,
8.6796875000,0,0.9658744335,-0.4056109488,-0.8296728134,0.7431418300,0.6094968915,-0.8331071138,-0.0685457960,1.0832035542,-0.1930498183,-0.9625959992,0.4511668682,0.4921393991,-1.0576553345,-0.5115048885,0.9122624993,0.0016386729,,,
8.6875000000,0,1.4807822704,0.3528679907,0.4243406057,1.8550478220,0.6629197598,-0.9014472961,0.0738192499,-0.0349393040,-1.7139587402,-0.8331514001,0.7587849498,-0.0953672901,0.0431647450,2.0049829483,1.5553454161,0.1143892705,,,
8.6953125000,0,1.9810339212,1.0887701511,1.6034737825,2.5842275620,0.3238178790,-1.1060885191,-0.4479990900,-1.9193731546,-2.8352580070,-0.6111133099,0.0780941471,-0.2305305600,1.9897664785,2.7031521797,0.8298158646,0.9626106620,,,
8.7031250000,0,2.3291513920,0.9373340011,0.7726768255,0.6834422350,-1.3982034922,-0.4701552093,1.0462477207,-0.9685048461,-1.3694994450,-0.2721885145,-0.9437452555,0.7383971810,2.9898910522,0.9132638574,-0.5506600738,-0.1723627746,,,
8.7109375000,0,2.4269125462,-0.0390571803,0.1301139891,1.4367868900,-0.0256670173,-0.4887124300,-1.3439575434,-1.6386991739,0.9204003811,0.1343966722,-1.2625492811,2.0647828579,2.0692949295,-0.9383206964,-0.1635886431,-0.0225030929,,,
8.7187500000,0,2.2423613071,-0.9102814198,1.4860877991,1.6219041348,-2.1278946400,0.2926684618,-0.3684592843,-2.5295209885,1.1171621084,0.4900179207,-0.4811575413,2.4339811802,0.2873968780,-0.8619934916,0.7356372476,-1.6092839241,,,
8.7265625000,0,1.8186759949,-0.8250709772,2.5306622982,-0.5940829515,-0.4187702537,-0.1805766672,-1.8097295761,-0.0678921118,-0.0731189549,0.6999607086,0.7483834624,1.4936188459,-0.6547082663,0.2092329860,-0.7758069038,-2.0755174160,,,
8.7343750000,0,1.2624641657,0.1217142269,1.4948977232,0.0599344522,-1.1512148380,0.2314244360,-2.2541353703,0.7159401178,-0.1009631604,0.7793000937,1.3707256317,0.2703144550,-0.5272334218,0.2448081076,-2.6052269936,1.0997378826,,,
8.7421875000,0,0.7146918774,0.9866855145,0.7165657878,0.0898823440,-0.7580919266,-0.9021794200,-0.8186593056,-0.0839653537,0.7354881763,0.8299915195,0.9660506248,-0.0222228412,-0.5814116597,-0.8812543750,-1.0318198204,0.1229118928,,,
8.7500000000,0,0.3122128248,0.9407026172,1.8517735004,-1.9672716856,0.4314098954,-0.6946527958,-1.9641730785,1.4763461351,0.4325556457,0.9176384807,0.1315232664,0.6280754805,-1.5359283686,-1.5630348921,1.4235059023,-1.4211448431,,,
8.7578125000,0,0.1504385918,0.1136943996,2.4865291119,-0.9461972713,-0.9323623180,-1.9905296564,0.7797846794,1.1645894051,-0.3421889842,0.9714137912,-0.1729954481,1.0873684883,-2.3849236965,-1.0113079548,0.4452728331,1.4662584066,,,
8.7656250000,0,0.2573805153,-0.5411107540,1.0503053665,-0.6596900225,1.0390843153,-1.3290653229,0.2231886685,-0.8862288594,0.6447247267,0.8255543709,0.3614144921,0.4975014031,-1.7172312737,-0.1053464487,-1.3266077042,1.7197561264,,,
8.7734375000,0,0.5861750841,-0.2247872204,0.0253173914,-2.2502434254,-0.9192426205,-2.1669969559,1.0509546995,0.2329706848,2.5625689030,0.3859111667,1.0605150461,-0.6394231915,0.2477906346,0.3294915259,0.5117589235,0.5537034869,,,
8.7812500000,0,1.0281397104,0.8863015175,0.9149619937,-0.7261663675,0.0193157885,-0.6888722777,1.7236068249,0.8126298785,2.3879280090,-0.2329973131,0.9603827000,-1.0141197443,1.7333779335,0.6541637778,2.9385335445,0.5360004902,,,
8.7890625000,0,1.4427783489,1.8146877289,1.2165454626,-0.2162949741,-0.8122802377,-1.0681111813,-0.1703044027,-0.1748992950,0.1184686124,-0.7512141466,-0.1775126755,-0.0511074401,1.5637701750,1.2482308149,1.2711937428,-0.9831702709,,,
8.7968750000,0,1.6965112686,1.7735036612,-0.4392580390,-1.5289970636,-1.7670422792,0.8400155306,1.2723798752,1.6914894581,-1.1670621634,-0.9369301796,-1.5666185617,1.3914693594,0.5412514210,1.4152437449,-1.4930149317,-0.1109070405,,,
8.8046875000,0,1.6995131969,0.9632514715,-1.4522405863,0.1586368084,-0.7270904183,0.2823752761,-0.7360986471,2.5679295063,-0.5374126434,-0.8067418337,-2.1256353855,1.9978073835,0.2252234966,0.5209870934,-0.6669209599,0.5157312155,,,
8.8125000000,0,1.4305595160,0.3602586389,-0.4994792044,0.4746110737,-2.6979024410,1.9085890055,0.2428226024,0.5825515389,-0.2314523309,-0.6161028147,-1.5094052553,1.4937410355,0.8110077381,-0.5435262322,1.0721036196,-2.5775492191,,,
8.8203125000,0,0.9430705905,0.7130944133,-0.1836760640,-0.9882696867,-0.6720457077,0.6284019351,0.7343285680,0.7363493443,-1.0286657810,-0.6241857409,-0.4061106443,0.8984485269,0.9916585684,-0.4075904489,-0.4053420126,-1.3867557049,,,
8.8281250000,0,0.3506946862,1.7720220089,-1.6932078600,0.4638064206,-1.8184520006,1.7384339571,0.2152360678,0.5098517537,-0.9645869136,-0.8354350328,0.1892639399,1.2423443794,-0.0629842728,0.5152613521,-2.4305515289,1.4671390057,,,
8.8359375000,0,-0.2036214918,2.5385744572,-2.3519444466,0.2975330353,-0.5224040151,-0.0984465852,2.5107135773,-1.9572737217,0.3459804058,-0.9657755494,-0.0212614369,2.2876038551,-1.3872128725,0.3256663680,-1.2617686987,-0.0093570324,,,
8.8437500000,0,-0.5865995288,2.2806036472,-1.0510159731,-1.4478911161,0.3073467612,0.9724060297,0.8021223545,-1.3977439404,0.4075810611,-0.6916641593,-0.3795061707,2.7818362713,-1.4248510599,-1.4315935373,0.7733247876,0.1284646690,,,
8.8515625000,0,-0.7109555006,1.2764444351,-0.5019145012,-0.2115265578,-0.1461165547,-0.7690005898,1.9240490198,-0.0710326508,-1.5509816408,0.0259016640,-0.0140298791,1.9484421015,-0.1402530968,-2.6014237404,0.5653739572,1.0691828728,,,
8.8593750000,0,-0.5591321588,0.5284146667,-1.7226885557,-0.6674262285,2.0686726570,0.8440907598,0.7241516709,-1.1925308704,-2.6792733669,0.8444508910,1.1829693317,0.4417401850,0.8612940907,-1.2597980499,-0.1227375939,0.6773747802,,,
8.8671875000,0,-0.1879342794,0.7383083105,-1.9854352474,-2.3582084179,0.4269259870,-0.4558169246,-0.7548712492,-0.2510850728,-1.2089726925,1.2878475189,2.3549335003,-0.3741289973,0.4095613658,1.3049044609,0.6739617586,1.6679540873,,,
8.8750000000,0,0.2872017324,1.5911164284,-0.4032298923,-0.9284350872,2.1895401478,1.6649166346,-0.0748140290,0.8929356933,0.6438158751,1.1430795193,2.4781525135,0.0247388389,-0.7420821190,2.0619392395,1.3577921391,-0.2085092962,,,
8.8828125000,0,0.7239907980,2.0784127712,0.2241830677,-1.2294893265,0.9657977819,0.4317241013,-2.4085071087,-1.2281199694,0.7365374565,0.6527406573,1.3612406254,0.7730695605,-1.0035988092,0.3963856697,0.8516384959,-2.2400090694,,,
8.8906250000,0,0.9924229980,1.5311192274,-0.9318848252,-2.4540097713,0.8117119074,2.4354379177,-0.6357002854,-1.5653220415,0.4131365120,0.3098808825,-0.1600495577,0.7082058191,-0.1022355929,-1.0006278753,0.3511299789,0.4405105114,,,
8.8984375000,0,1.0105040073,0.3069280088,-1.0863178968,-0.5356792808,1.1968679428,0.6316351295,-1.2724361420,-0.5807631016,1.2361800671,0.4153001606,-1.0288724899,-0.2062703371,0.6300455332,0.0445183218,-0.0695205852,-0.0150544578,,,
8.9062500000,0,0.7668163776,-0.5697360039,0.4458619654,-0.5234749913,-0.6640825272,2.0460650921,-0.7339977026,-1.9340349436,1.6930291653,0.7892547250,-0.9608047009,-0.8246455193,0.1872018129,2.0659570694,-1.0533114672,-2.3124177456,,,
8.9140625000,0,0.3237162530,-0.4477355480,0.8190140128,-1.2895139456,1.0356183052,-0.4422789812,0.6742752790,-1.1261510849,0.3090520203,0.9149115682,-0.6281971335,-0.1995241940,-0.6565027833,2.0329861641,-1.2982207537,-0.2963542938,,,
8.9218750000,0,-0.1997095197,0.2925953865,-0.5739386082,0.9212679863,-0.8314635158,0.6376289129,-1.0155748129,1.3944723606,-0.9238920808,0.4111286700,-0.8667266965,1.2456552982,-0.4010968506,-0.3632493317,-0.2432690561,0.6802328229,,,
8.9296875000,0,-0.6602571011,0.6349825263,-0.8795902133,0.9136368036,0.6754095554,-1.9496072531,0.5743330121,0.8325750232,0.2437762320,-0.5795256495,-1.7315452099,2.1540174484,1.0433716774,-2.3146734238,-0.1539335549,0.7913047671,,,
8.9375000000,0,-0.9298506379,-0.0276978165,0.4033370912,0.1756972522,0.4776633382,-0.5028981566,-1.4264664650,0.9713678360,2.1365449429,-1.4525598288,-2.3810553551,1.7742298841,2.0831835270,-1.7905517817,-1.3342165947,1.4479078054,,,
8.9453125000,0,-0.9306638241,-1.2662367821,0.4145422876,2.1916496754,0.4281039238,-2.5520496368,-1.2887665033,2.3126006126,1.8539922237,-1.6299470663,-1.9187122583,0.7846593261,1.4559068680,-0.0718144551,-0.6173728108,-0.3069406152,,,
8.9531250000,0,-0.6564908028,-2.0465302467,-1.2193264961,1.7141004801,2.0485365391,-0.3986693323,-0.9443870187,0.4365925193,0.0869499594,-1.0599250793,-0.3405199945,0.4351579547,-0.1578390300,0.4235117733,1.9192880392,0.5218275189,,,
8.9609375000,0,-0.1745101660,-1.7793085575,-1.5908371210,0.6461322904,0.4406796694,-1.9299637079,-2.0238642693,-0.5643070936,-0.5676289797,-0.2767210305,1.3808858395,1.0358172655,-1.0778861046,-0.4829148352,1.9949624538,2.0270845890,,,
8.9687500000,0,0.3930428028,-0.9164291620,-0.3921160400,2.2324175835,2.3600711823,0.5269574523,0.5867035389,0.9381036758,-0.3143723011,0.0575639755,2.1749484539,1.5936996937,-0.8128889203,-0.9380332828,-0.4169736207,-1.4293230772,,,
8.9765625000,0,0.9022731185,-0.4850097895,-0.4973003864,1.2313344479,0.5467607379,-1.0969785452,-0.2956148088,0.1631480008,-1.0999261141,-0.2590274215,1.8408081532,1.0285085440,-0.5232916474,-0.0150249302,-0.4847189188,-2.0622026920,,,
8.9843750000,0,1.2269400358,-1.0352816582,-2.0646791458,-0.0435923859,0.9338956475,1.0098452568,1.6058963537,0.0485693961,-2.2279760838,-0.7763046622,1.1418410540,-0.4840337932,-1.1867461205,1.1619540453,1.7487597466,0.2561293840,,,
8.9921875000,0,1.2929147482,-2.0766894817,-2.1734688282,1.3760075569,0.4102931619,-1.1501203775,1.8947411776,2.1694710255,-1.4012787342,-0.7889799476,0.9512984157,-1.6483247280,-2.0556151867,1.3757005930,1.1067554951,-0.7056371570,,,
19.0000000000,1,1.2619255781,-0.9504302740,-0.0044965660,-0.3326416314,1.7983876467,-2.3821163177,1.4318895340,-0.6900905371,1.5035773516,-2.6680479050,2.3524575233,-1.0273123980,0.7159074545,-1.7652611732,2.2981965542,-1.2221605778,,,
19.0078125000,1,0.8956540227,-1.2940829992,1.0257214308,-0.3589550257,-0.1800906956,0.1586320400,0.4738294482,-1.3504749537,1.9293292761,-1.8519548178,1.1806865931,-0.3570007384,-0.0913494304,-0.0998982415,0.7569268346,-1.3842632771,,,
19.0156250000,1,0.3253024817,-0.6209918857,0.8602108955,-1.0213528872,1.0900616646,-1.0605448484,0.9360805154,-0.7286670208,0.4578513801,-0.1488485783,-0.1698703915,0.4692910612,-0.7226116657,0.9077808261,-1.0095758438,1.0210247040,,,
19.0234375000,1,-0.3277261257,0.6383303404,-0.9154621363,1.1442797184,-1.3121190071,1.4090663195,-1.4284076691,1.3669348955,-1.2250963449,1.0069841146,-0.7201592922,0.3753241301,0.0141455298,-0.4327850044,0.8637167215,-1.2893872261,,,
19.0312500000,1,-0.9191730022,1.4489314556,-1.3982034922,0.8670357466,-0.1848217547,-0.2721885145,0.2856717706,0.0878448710,-0.5506600738,0.7298265100,-0.3857676983,-0.4490840137,1.4768686295,-2.2834603786,2.5510349274,-2.2207515240,,,
19.0390625000,1,-1.3212164640,1.2212653160,-0.2353395820,0.0316533893,-0.9913878441,1.6492182016,-0.7946232557,-0.7644433379,1.2961988449,-0.5453284979,0.0259857923,-0.8000554442,1.9182838202,-1.7539324760,0.3299446106,0.6802625656,,,
19.0468750000,1,-1.4572641850,0.4067033827,-0.3057756424,1.8451669216,-1.1534352303,-0.6022454500,-0.0338177681,0.4744216502,1.2699228525,-1.4544286728,-0.2815244496,0.0568329208,0.7352059484,0.9498603344,-2.0449724197,0.7181919813,,,
19.0546875000,1,-1.3227115870,0.0308225192,-1.8300564289,1.0375075340,0.2265627235,1.0190155506,1.0061508417,-0.6844108105,-0.4194924235,-0.9265437722,-1.2246640921,1.4442825317,-0.7783204317,2.6709654331,-0.9517119527,0.7178359628,,,
19.0625000000,1,-0.9859788418,0.6412639022,-1.9064270258,-0.0899512321,-1.2042272091,-1.2502602339,-0.5497950912,-0.9220756888,-1.1561688185,0.8353426456,-1.8967349529,2.0045723915,-1.1641726494,1.5887304544,0.4538660645,0.9612028599,,,
19.0703125000,1,-0.5695444345,1.7447386980,-0.4187702537,1.4106683731,1.0096471310,0.6999607086,0.9736881256,1.6129299402,-0.7758069038,2.4876818657,-1.4966531992,1.2481248379,-0.6460049152,-0.4401349127,-0.7373802066,-0.1904025823,,,
19.0781250000,1,-0.2161755413,2.3082199097,-0.2846895158,0.2881069779,-0.5136030912,-1.0557801723,-1.3888626099,1.5733585358,-1.2781602144,2.6935491562,-0.1806882769,0.0900504515,-0.6015381813,-0.6798797250,-1.7358168364,1.4810123444,,,
19.0859375000,1,-0.0496115461,1.8126016855,-1.5373854637,-0.7857040763,0.4517277777,1.4368563890,-1.2080154419,1.0931932926,-2.3319644928,1.2865283489,1.0385025740,-0.2550934553,-1.4524517059,0.7259717584,-0.3410931528,1.0824577808,,,
19.0937500000,1,-0.1404786855,0.7829005122,-1.2916507721,0.8097734451,0.1118844151,0.0522625558,-1.5502953529,2.5840687752,-1.5537006855,-0.5733607411,1.2557117939,0.2966404259,-1.9356379509,1.3055357933,1.0655462742,-2.4532222748,,,
19.1015625000,1,-0.4867783487,0.2535600662,0.3396914005,-0.1932870895,-1.1177818775,2.5893023014,-2.7238492966,1.1844433546,0.7313331366,-1.3999538422,0.5330423713,0.6413449049,-0.8112868071,-0.0513033532,0.8968899250,-0.9889708161,,,
19.1093750000,1,-1.0142984390,0.7148090601,0.4314098954,-0.8316897750,-0.0401125140,0.9176384807,-0.4771580100,-0.8417608142,1.4235059023,-0.6688436866,-0.2074457109,-0.1365078688,1.3104909658,-1.7088782787,0.6979004145,0.5196837783,,,
19.1171875000,1,-1.5968359709,1.6159048080,-0.8406985402,1.1166461706,-2.4189932346,2.8515448570,-1.5822118521,0.1539418846,-0.1315923780,0.7372401953,-0.1421014369,-1.6014714241,2.5541145802,-1.8277295828,0.9088258743,-1.3157529831,,,
19.1250000000,1,-2.0906891823,1.9323824644,-0.5977057815,0.3545870483,-0.9278813004,0.5036928654,0.6210315824,-0.4133922458,-1.0777068138,1.3233219385,0.6212627888,-2.4131329060,2.0469627380,-0.7536467314,0.4849927425,-0.6046438217,,,
19.1328125000,1,-2.3739678860,1.2178665400,0.8469491601,0.1022156104,-2.3378844261,1.7922335863,0.7475430965,-1.3769537210,-0.0587245896,0.3250382543,1.1791322231,-1.8630226851,0.8602911234,0.0078481678,0.0311090481,0.1065670103,,,
19.1406250000,1,-2.3799469471,0.0661518797,0.6034977436,2.1777584553,-1.7567470074,-0.8712394238,0.2999878526,0.6860261559,0.8610728383,-1.5824551582,0.7908325195,-0.6852802634,0.4165863097,0.1056707948,0.1658606827,0.6265649199,,,
19.1484375000,1,-2.1153247356,-0.4885435402,-0.9192426205,1.3136075735,-0.8901727200,0.3859111667,1.5773299932,0.7484284043,0.5117589235,-2.8431930542,-0.3251757026,-0.1828648746,0.5855807662,0.3409532905,-0.5268227458,2.3201112747,,,
19.1562500000,1,-1.6583787203,-0.0209666267,-0.8436128497,1.0197812319,-1.6657109261,-1.8790090084,-0.7555099726,-0.9397311211,0.6897050142,-2.3683555126,-1.1770527363,-0.7081366181,0.0645491630,0.8847476840,-1.9061012268,0.1670170128,,,
19.1640625000,1,-1.1375288963,0.8574873805,0.3320984840,2.7635211945,0.8028411269,-0.0988359526,0.6122643352,-0.1495184749,2.1421682835,-0.4947997034,-0.9859650135,-1.2987614870,-1.5366948843,0.9702247977,-1.3588932753,-0.8689950705,,,
19.1718750000,1,-0.6961786747,1.1292824745,-0.2243494093,1.4006366730,-0.5091216564,-1.7029395103,-0.4457540214,-0.8669061661,2.4729132652,1.2922987938,0.0265724771,-0.8920859694,-2.8495955467,0.4493246377,0.6282353401,1.7604342699,,,
19.1796875000,1,-0.4534729719,0.4153547585,-1.8746572733,0.7717348933,1.4890140295,0.4589690864,-0.1498359889,-2.8971831799,0.3992017508,1.6388181448,0.8521467447,0.3379953206,-2.3914258480,0.2673900127,0.4943988323,-0.0575987324,,,
19.1875000000,1,-0.4717251062,-0.6331022382,-1.7670422792,2.0295484066,0.9646209478,-0.9369301796,1.5249447823,-1.4313321114,-1.4930149317,0.4866747558,0.6975947022,1.1238286495,-0.5184666514,0.7831483483,-1.0760132074,-2.2559802532,,,
19.1953125000,1,-0.7394407392,-0.9959342480,-0.5983691812,0.2034861743,0.8481721878,0.9633654952,0.4284932911,-0.3960847557,-0.9231876135,-0.8980630040,-0.2357833982,0.5679712296,0.9647331834,0.7999837399,0.0285674185,-0.7112862468,,,
19.2031250000,1,-1.1745896339,-0.3232517540,-1.1504056454,-0.5579335093,1.7207921743,-0.8061795235,2.7394099236,-1.0569595098,0.3915666640,-1.0621318817,-0.9801793694,-0.8043535948,1.0398460627,-0.6364280581,2.6305832863,-0.6393647790,,,
19.2109375000,1,-1.6472272873,0.7085409164,-2.5848968029,0.5505365133,-0.2792331576,0.4738323689,1.2490080595,0.9246324897,0.1002210304,0.3296866715,-0.7977009416,-1.6528441906,0.5721629858,-2.2733945847,1.8303651810,-0.0319743603,,,
19.2187500000,1,-2.0152657032,1.0874290466,-2.1190686226,-1.2891632318,1.3192667961,-1.6487653255,1.2922949791,1.8036278486,-0.7710992098,2.1713817120,0.0718808398,-1.3703924417,0.8615231514,-1.9870376587,-1.1275346279,0.5208697915,,,
19.2265625000,1,-2.1635878086,0.4978801012,-0.6720457077,-1.7042062283,-0.6764228344,-0.6241857409,0.9855409861,-0.1124291793,-0.4053420126,2.8667874336,0.6721925139,-0.7394140363,1.7069376707,0.0767109320,-0.9249771237,-0.8583782315,,,
19.2343750000,1,-2.0357832909,-0.3595424891,-0.9849028587,-0.3075488210,0.2945713997,-2.4739835262,-1.3006041050,0.3643717468,-0.0038014236,1.7269881964,0.3301843107,-0.9274692535,1.6722630262,1.3296012878,1.2788733244,1.4150112867,,,
19.2421875000,1,-1.6498075724,-0.4873285294,-2.0437088013,-1.8007510900,0.1579003930,-1.0512151718,-0.0080021927,0.7799609303,-1.3289847374,-0.4116770625,-0.6295036674,-2.0291199684,0.1805833727,0.2774596214,0.2556626201,2.6732034683,,,
19.2500000000,1,-1.0932681561,0.3855771720,-1.1628943682,-1.6581218243,-0.3163227737,-2.1294803619,-1.9522231817,-0.8747087717,-2.7398600578,-1.8965904713,-1.1909271479,-2.8996658325,-1.4797681570,-1.2241324186,-2.5961482525,-0.7625797391,,,
19.2578125000,1,-0.4996312559,1.5213596821,0.5152828693,0.0595971756,1.5684422255,-0.1592540890,-0.6279095411,0.4111909866,-1.6520609856,-1.6796811819,-0.6700451970,-2.4878354073,-1.6894429922,-0.5313235521,-1.9737427235,-0.5494093895,,,
19.2656250000,1,-0.0118642310,1.9205081463,0.3073467612,-1.2105345726,0.0997872725,-0.6916641593,-0.2405630350,2.1428236961,0.7733247876,-0.2080018967,0.5811703801,-1.0881330967,-0.5466995835,1.8821028471,0.8620555997,0.7753179669,,,
19.2734375000,1,0.2565205395,1.3358232975,-0.5923476815,-0.7921526432,2.3250718117,1.2634222507,-0.8009355664,0.9695534110,1.4242929220,0.9960589409,1.5053957701,-0.0236670449,0.3261676133,2.8772542477,0.9296872616,-0.9107059836,,,
19.2812500000,1,0.2523480058,0.5180381536,0.4074445665,0.8501627445,1.1667454243,0.5769891739,1.0296249390,1.4722014666,0.3819095194,0.6964293718,1.3733302355,-0.1307278872,-0.0513261706,0.9870673418,-0.7536625862,-0.9618828297,,,
19.2890625000,1,-0.0028737101,0.4424877465,1.9702831507,-0.6246894002,1.7017958164,1.8709543943,-1.1379324198,2.0294337273,0.1791242510,-0.9495319128,0.4770576358,-0.8364959955,-0.8083615899,-1.5172922611,-0.0389386527,-1.3212745190,,,
19.2968750000,1,-0.4190734923,1.3067778349,1.5112367868,-0.3491430581,1.8297545910,0.6613699198,-0.1567814350,-0.5940691233,0.9554942250,-2.5136129856,-0.2111227661,-0.9136610031,-0.5661085248,-1.7667742968,1.9097083807,-1.1147992611,,,
19.3046875000,1,-0.8625237346,2.3232395649,0.4269259870,0.8733583093,0.1053401306,1.2878475189,-1.3945162296,-1.2149429321,0.6739617586,-2.5455636978,-0.0566253290,-0.0020131571,0.5628437996,-0.1201637387,1.5692547560,1.7095286846,,,
19.3125000000,1,-1.1927051544,2.5183250904,1.2279317379,-1.0029275417,1.2900623083,-0.0743180513,-2.1568758488,-0.3095554709,-0.3784509897,-0.8544766307,0.5864444971,0.9227170348,1.0922757387,0.6702460647,-0.0562908724,0.5158059597,,,
19.3203125000,1,-1.3010243177,1.7228204012,2.4152688980,-0.9143676162,-1.2834454775,0.4825240672,-0.7090530396,-1.7226268053,0.2043815851,1.3026646376,0.7572964430,0.6971891522,0.2405962199,-0.5235201120,-0.3751423657,-0.9483878613,,,
19.3281250000,1,-1.1407706738,0.7418548465,1.5358610153,0.0078206481,-0.2533739507,-0.3886359930,-2.0297298431,-1.1620548964,2.1709451675,2.2943403721,-0.0868296549,-0.6271191239,-0.9026849866,-1.8339321613,-0.1746220738,2.0600471497,,,
19.3359375000,1,-0.7401005030,0.5312115550,0.1940716803,-1.9833952188,-1.5238823891,0.5552572012,0.6313320994,0.8495718837,2.4476068020,1.5126994848,-1.4529287815,-1.7979683876,-0.7680007815,-1.3016530275,-0.7118279338,1.6176884174,,,
19.3437500000,1,-0.1944885552,1.2211265564,0.8117119074,-1.6959553957,-1.7237707376,0.3098808825,0.3289673626,-0.4104824066,0.3511299789,-0.1255216002,-2.2417616844,-1.7845029831,0.5985823870,0.4562557340,-0.9738502502,-0.6568552256,,,
19.3515625000,1,0.3592864871,1.9844557047,1.7324779034,-0.6398828030,-0.6932812333,1.3920503855,1.1067942381,-0.9423003793,-1.2412731647,-1.0108313560,-1.8020726442,-0.9286367297,1.5726543665,1.4578013420,-0.6915199757,-0.3269106150,,,
19.3593750000,1,0.7804938555,1.8837999105,0.6376440525,-2.3086812496,-2.0678246021,1.2347859144,2.1430926323,0.0335500836,-0.8676387668,-0.2726609409,-0.5509815216,-0.4700247645,1.0750745535,1.1570738554,-0.8366795778,-1.0584408045,,,
19.3671875000,1,0.9629039168,0.8324519396,-0.6867732406,-1.4733178616,0.2368638515,1.7914091349,0.2164782584,-1.7565191984,-0.4922611117,1.4469184875,0.4602042437,-1.0213921070,-0.0857775956,0.6651426554,-0.5560379028,-0.5274872184,,,
19.3750000000,1,0.8638055921,-0.3122461140,0.0563377813,-0.0675547570,-1.1608843803,1.1626635790,1.6246118546,-2.2675812244,-1.2458410263,2.5564482212,0.5887377858,-1.8156629801,-0.4328008890,0.6423290372,1.0318785906,0.0713624731,,,
19.3828125000,1,0.5156353712,-0.6186356544,1.0356183052,-1.3471884727,0.2926922739,0.9149115682,-0.4336370528,-0.0558090620,-1.2982207537,1.9203674793,0.1938385665,-1.6242195368,0.1209411919,0.4897936285,1.7129908800,-2.1749937534,,,
19.3906250000,1,0.0170318168,-0.0256239995,0.0511253178,-0.0849800557,0.0849774852,-0.0767148435,0.1191776693,-0.1696420312,0.1523958296,-0.1273349524,0.1868100613,-0.2536692619,0.2189728171,-0.1771729589,0.2537098527,-0.3367481232,,,
19.3984375000,1,-0.4942317903,0.6019368768,-0.9659947753,1.3862569332,-0.6383822560,-0.6666026115,0.6085322499,0.1271393299,0.7113462090,-2.0508368015,1.0104128122,1.1644223928,-0.9219412804,-0.6431110501,-0.2888360918,2.4543998241,,,
19.4062500000,1,-0.8790190220,0.3636790812,0.1206020787,0.1033629775,0.5224998593,-1.3387815952,-0.2081175596,2.4087493420,-0.9867637157,-2.4278354645,2.1031875610,1.4456691742,-2.2303140163,-0.4004117846,1.3891590834,0.1855300069,,,
19.4140625000,1,-1.0349528790,-0.7495763302,1.2956159115,1.3192101717,-1.7226214409,-1.5834743977,2.1577033997,1.5088200569,-2.4297587872,-1.1620568037,2.4104678631,0.6873610616,-2.0567507744,-0.2591706216,1.4265418053,0.0259415116,,,
19.4218750000,1,-0.9244421124,-1.8394148350,0.4776633382,2.3794491291,-0.2120912224,-1.4525598288,0.6110585928,0.0957245752,-1.3342165947,0.4645372033,1.4351500273,0.0917577595,-0.3324746192,-1.0298790932,-1.4530000687,1.4093710184,,,
19.4296875000,1,-0.5849294066,-2.0107226372,-0.2715606391,0.6947486997,-1.9276994467,-1.2205157280,1.7379469872,1.1657012701,0.5896944404,0.9386007786,-0.2344874293,0.4988630116,1.2987242937,-1.7885600328,-2.4858403206,0.3644177318,,,
19.4375000000,1,-0.1185544133,-1.2799373865,1.0158836842,1.5717943907,-1.3637183905,-0.5402361751,0.8807705045,0.1572979242,0.9206557274,-0.1490800381,-1.4590032101,1.3794168234,1.5545724630,-0.9181104302,-0.0314580910,0.3398975432,,,
19.4453125000,1,0.3359357119,-0.5533809066,2.1629998684,2.0877602100,-0.9324956536,-0.3797492683,-0.7642922401,-0.8238688111,0.5857930183,-1.7502290010,-1.6110918522,1.4865757227,1.0029085875,1.2194395065,0.8805305362,-1.0666100979,,,
19.4531250000,1,0.6413280964,-0.6979724765,1.2363395691,0.0569205880,-1.7190560102,0.1879262924,-0.0284225438,1.3395001888,1.3533002138,-2.2931251526,-1.1033037901,0.3875776231,1.0079374313,2.2331473827,-1.4161453247,-2.2840132713,,,
19.4609375000,1,0.6996840835,-1.6534041166,0.4406796694,0.8022068739,0.5950559974,-0.2767210305,-2.5280416012,1.4516122341,1.9949624538,-1.0799316168,-0.8636390567,-0.9541062713,1.6636270285,0.9324181676,-1.7630050182,0.5623821616,,,
19.4687500000,1,0.4793326855,-2.4924793243,1.5919079781,1.1148488522,-0.6969040632,-0.0910297558,-1.0100641251,0.3283992112,0.6906948686,1.0797039270,-1.3121653795,-1.2501074076,1.6088443995,-0.7615817189,1.3574783802,0.0860200748,,,
19.4765625000,1,0.0237176754,-2.3680360317,2.3908979893,-0.8276190758,1.5770044327,-1.0722422600,-1.5354226828,1.4980061054,-0.9523811340,2.5525326729,-1.8951123953,-0.3514940739,0.0012186406,-0.3822176456,2.6050860882,-1.9906702042,,,
19.4843750000,1,-0.5603276491,-1.3794739246,1.0891840458,0.2222483158,1.0928444862,-0.8274305463,-1.1679960489,0.4335041046,-0.2855266333,2.2819094658,-1.6586019993,0.6227438450,-2.0791442394,1.4716539383,0.2829280794,0.7808561325,,,
19.4921875000,1,-1.1316661835,-0.4739580750,0.0461575910,0.7214834094,1.4380635023,-1.6889377832,0.5831454396,-2.0017600060,1.6378579140,0.6798969507,-0.2777347863,0.6372112036,-2.7900762558,1.8275498152,-0.7343010306,1.7867161036,,,
19.5000000000,1,-1.5533337593,-0.4830781519,0.9338956475,-0.8372550011,2.3323447704,-0.7763046622,-0.9559296966,-1.1943044662,1.7487597466,-0.7621718645,1.5154798031,-0.0387762114,-1.7604556084,-0.4070879221,1.0395907164,0.6499061584,,,
19.5078125000,1,-1.7298631668,-1.2785420418,1.3544832468,0.6481040716,0.5557064414,-1.1292462349,0.8111011982,-1.1885999441,0.1210444123,-0.7936940193,2.5578486919,-0.1904213279,-0.4287235439,-2.7061648369,1.3160473108,0.9191467166,,,
19.5156250000,1,-1.6332288980,-1.9088951349,-0.2429425269,1.2995055914,2.1180324554,0.4719110429,-0.9190877676,-2.2554588318,-0.6737346053,0.5056684017,2.3194971085,0.8368017673,-0.0745807365,-2.3119969368,-0.9517273903,-0.3579832911,,,
19.5234375000,1,-1.3103022575,-1.5774341822,-1.3617430925,-0.0620418712,-0.1235930026,0.2784936726,-0.9988077283,-0.1905260235,-0.4099441469,1.8172022104,1.3462724686,2.2855715752,-0.2344705611,0.0257357713,-1.9393265247,0.0446676798,,,
19.5312500000,1,-0.8697783351,-0.4624657631,-0.4950387180,1.5223269463,0.7437453866,1.9357222319,-0.5699181557,0.6800892353,-1.0722761154,1.7652757168,0.6480764747,2.8144578934,0.3850814104,1.2327959538,-0.7358589768,0.9697393775,,,
19.5390625000,1,-0.4521570206,0.4579628110,-0.1458733231,1.9094589949,0.0599311888,1.1977747679,-1.9631145000,-0.8745809793,-2.3589401245,0.1467806846,0.6659765244,2.0336821079,1.8327636719,0.1899209470,-0.1520931572,-2.2300958633,,,
19.5468750000,1,-0.1910102069,0.3981356323,-1.6834735870,0.3169820011,-0.5527391434,2.3344929218,0.5297805667,-0.0609316826,-1.8182089329,-1.8696964979,0.8700460196,0.9335657954,2.6069097519,-1.0019724369,-0.5750169754,-2.0345802307,,,
19.5546875000,1,-0.1761507243,-0.4392758608,-2.5146381855,1.5996757746,0.9096014500,0.8005713820,-0.3140250742,-0.0011159645,0.3581496775,-2.7441244125,0.3887279332,0.7024381161,1.6054872274,-0.2853941917,-0.2159833759,1.0146301985,,,
19.5625000000,1,-0.4288006723,-1.0758441687,-1.3339632750,1.4309716225,-0.6728835702,1.5429779291,1.4631347656,-1.9455068111,1.0721006393,-1.8847447634,-0.9867748022,1.3400144577,-0.3122585118,1.4992767572,0.5696212649,-0.2367468476,,,
19.5703125000,1,-0.8955663443,-0.7613611221,-0.7630622983,-0.5258825421,1.5727534294,-0.3072727025,2.1053056717,-0.6907636523,-0.4725861847,-0.1356554627,-2.4661209583,1.7099888325,-1.3157459497,2.0717344284,0.7466539741,-0.4659216404,,,
19.5781250000,1,-1.4628731012,0.2562474906,-2.0053782463,0.4773893058,0.3743091524,0.6912421584,1.0567231178,0.8889879584,-1.4878894091,0.9830142856,-2.9561815262,0.9601350427,-0.8569321036,0.9312995672,1.0633792877,0.9226764441,,,
19.5859375000,1,-1.9879057407,0.9814195633,-2.4026060104,-0.0474463217,1.3114615679,-0.8415614367,2.4506130219,0.1628647596,-0.5290995240,0.6058344841,-2.1013579369,-0.3903783262,-0.1872599572,-0.3492866755,1.4054454565,0.7331970334,,,
19.5937500000,1,-2.3375768661,0.6861661077,-0.8684268594,-2.0157444477,1.4774645567,0.7997088432,-0.0869962424,1.6665058136,0.4171114266,-0.7429752946,-0.6225283742,-1.0020179749,-0.5006877780,-0.6465525031,0.3181988299,1.8495090008,,,
19.6015625000,1,-2.4248445034,-0.3466536999,-0.1318330765,-0.8580372334,0.1559185684,-0.3718002141,0.6930075884,2.8401138783,0.1490188986,-1.6436676979,0.3864195347,-0.2608313859,-1.2787222862,-0.5422403216,-1.0687689781,0.6359682083,,,
19.6093750000,1,-2.2324264050,-1.1109949350,-1.2187951803,-1.2613923550,1.4118747711,1.5756297112,-0.1467865556,0.7090543509,0.4426262081,-1.0570335388,0.4949733019,1.0102732182,-1.0932821035,-0.8042843342,-0.4546844065,-1.8421845436,,,
19.6171875000,1,-1.8174135685,-0.9025231004,-1.4072023630,-2.7866299152,-1.1223134995,0.1924390048,-0.7002840042,0.4559106231,2.0979576111,0.7427595854,0.2656606734,1.5171906948,0.2765485048,-1.0213620663,0.4353363812,0.4164988697,,,
19.6250000000,1,-1.2955212593,-0.0342472531,0.1838176847,-1.1295409203,-0.0490878746,1.7999315262,1.1182175875,0.9436837435,2.7027122974,2.3917810917,0.5618232489,0.9915226698,1.3740892410,-0.5859241486,-1.0908849239,0.4262957871,,,
19.6328125000,1,-0.8092911243,0.4877519310,0.7568279505,-1.1997362375,-1.6721835136,-0.2653935254,-0.3582181334,-0.9744660258,0.8269143105,2.6112840176,1.5595271587,0.4465866983,0.9439450502,-0.0223422311,-2.4494886398,-2.4516446590,,,
19.6406250000,1,-0.4889637530,-0.0028109844,-0.5039046407,-2.2341575623,-1.8850736618,0.8377166390,1.6214051247,-0.4751736522,-1.0380527973,1.3012652397,2.4882948399,0.8992833495,-0.3766487539,-0.1374984980,-0.3636779189,-0.9787290692,,,
19.6484375000,1,-0.4167444110,-1.1459004879,-0.7990369201,-0.2206407040,-1.2682858706,-1.6722643375,0.4468816817,1.3567345142,-0.5211456418,-0.3969885111,2.3781864643,2.0901100636,-0.8709205389,-0.4030947089,1.9564355612,0.3076845407,,,
19.6562500000,1,-0.6042558551,-1.9162638187,0.5684596896,-0.2439476848,-2.6803398132,-0.5339737535,-0.1086658165,0.1587321162,0.7844243646,-1.1090793610,1.0588859320,2.7353980541,0.0159177743,0.3932167888,0.6165001988,0.2673060894,,,
19.6640625000,1,-0.9893585443,-1.6636660099,0.7701122761,-1.1781313419,-0.4527658522,-2.7777640820,0.1084907874,0.0876085907,0.5104655027,-0.4137444198,-0.6090272069,2.0218312740,1.0197573900,1.9085042477,-1.0532076359,1.2463111877,,,
19.6718750000,1,-1.4532099962,-0.7702575922,-0.7784181237,0.7341772318,-1.8438166380,-0.9779759645,-2.4188055992,0.9458116889,-0.3921692073,0.8269413710,-1.5177685022,0.5722167492,0.8357684016,2.1711003780,0.8920317292,-0.0588836670,,,
19.6796875000,1,-1.8528863192,-0.2540471554,-1.2057532072,0.3258543611,-0.0175852906,-2.5736117363,-0.9948315620,-1.3858809471,-0.0943301991,1.2657698393,-1.3316524029,-0.2653065920,-0.1243101507,0.3842829764,2.7914578915,0.4604253769,,,
19.6875000000,1,-2.0606269836,-0.7236381173,-0.0005515889,-0.8572062850,-0.1278094649,-0.1284618974,-2.4749202728,-2.3607568741,0.2355385870,0.2816063762,-0.7253533006,0.0351923741,-0.3890891969,-1.4925484657,0.5626185536,2.5322747231,,,
19.6953125000,1,-1.9989442825,-1.7518355846,-0.0133696375,0.7187895775,-0.3034423292,-1.4447369576,-1.4306144714,-1.0116473436,-1.2258827686,-1.4610432386,-0.6173529625,0.6231659055,0.4406070709,-1.2118605375,-2.0437881947,-0.5249987245,,,
19.7031250000,1,-1.6619765759,-2.3079652786,-1.6076776981,-0.1360699534,1.0214848518,1.0082385540,-0.2238572240,-1.8856483698,-2.8893463612,-2.5846116543,-1.1918648481,0.3570914567,1.0560861826,0.5021372437,-0.8448038697,-1.9884696007,,,
19.7109375000,1,-1.1172291040,-1.8075886965,-1.8753982782,-1.4561156034,-0.9287955761,-0.6919057965,-0.9312848449,-1.5132592916,-2.0640475750,-2.1897258759,-1.7103633881,-0.7736119628,0.2181486487,0.8264290094,0.8169277310,0.2849290073,,,
19.7187500000,1,-0.4872274697,-0.7077944875,-0.5183315277,0.0330156311,0.7240137458,1.2539211512,1.3749498129,1.0013439655,0.2476847470,-0.6205917597,-1.3025485277,-1.5918569565,-1.4640483856,-1.0823869705,-0.7200266719,-0.6333335638,,,
19.7265625000,1,0.0838920996,-0.0402407534,-0.4212923050,-0.8932482004,-1.1634299755,-0.9968034029,-0.3861783445,0.3999919891,0.9335883260,0.8529835939,0.0771030635,-1.1164548397,-2.2038757801,-2.6693427563,-2.2714052200,-1.1795636415,,,
19.7343750000,1,0.4696989954,-0.3588077426,-1.7527197599,-1.9162704945,-0.5671692491,0.6323480010,0.4240665734,-0.3311976790,-0.0494426712,1.1416606903,1.5148838758,0.2560399473,-1.2918802500,-1.4837160110,-0.6406350136,-0.4487772286,,,
19.7421875000,1,0.5959177017,-1.1764504910,-1.6092185974,-0.1034014598,-0.5939744711,-1.6521716118,-0.0953672901,0.9539854527,-0.2141143680,0.2563911080,1.9793995619,1.1788942814,0.0815510526,1.3023568392,1.3100752831,-0.6407453418,,,
19.7500000000,1,0.4605709016,-1.4662384987,0.0708750263,-0.7497869134,-1.4738100767,0.2881836593,-1.2814847231,-0.3392762542,0.6290243268,-0.7513942719,1.2993282080,0.8916721344,0.5002816916,2.4283711910,0.8674477935,1.6823797226,,,
19.7578125000,1,0.1342969984,-0.7148140669,0.3679497838,-1.2496080399,0.5081652999,-1.4650471210,0.5272628665,-1.2937507629,0.4386966228,-0.7549735904,0.2950154543,0.0505360439,0.1736574620,0.9640493989,0.1542191207,1.8050086498,,,
19.7656250000,1,-0.2592425942,0.5476523042,-0.6992340684,0.9372417331,-0.9273185134,1.0566362143,-0.8738079071,0.8720612526,-0.5539701581,0.4375028014,-0.0640106872,-0.1216388792,0.4470533133,-0.6457777023,0.8213496208,-0.9882293940,,,
19.7734375000,1,-0.5774947405,1.2823803425,-0.2482518554,0.4615407586,1.4224969149,-0.2484205216,1.4260141850,1.0345345736,0.0954407156,1.9102046490,0.3802419305,0.6572821140,1.6979315281,-0.2011670917,1.1410814524,0.8639969230,,,
19.7812500000,1,-0.6983281374,0.9957599044,1.5529141426,0.2158275843,0.8526695371,2.3963282108,1.4660276175,0.7014920712,2.2410788536,2.4401698112,0.8650326133,1.3651430607,2.5773611069,1.2976392508,0.3985426724,1.7516365051,,,
19.7890625000,1,-0.5537516475,0.2361550480,1.7800874710,2.3708505630,1.5899133682,0.8847697973,1.4975172281,2.6895933151,2.7864618301,1.5575202703,0.5483869314,0.8930310607,1.7151968479,1.3907597065,-0.1240665391,-1.2088899612,,,
19.7968750000,1,-0.1487951726,0.0266681481,0.6600182056,1.6065884829,2.5066697598,2.9669525623,2.7641344070,1.9625374079,0.8830977678,-0.0599776432,-0.5683481097,-0.6037840843,-0.3916760087,-0.2831686735,-0.5507418513,-1.2275137901,,,
19.8046875000,1,0.4396249056,0.8133641481,1.0641975403,1.1516574621,1.0573180914,0.7873609066,0.3718848228,-0.1389387846,-0.6813439131,-1.1862128973,-1.5879884958,-1.8330776691,-1.8866534233,-1.7369787693,-1.3967264891,-0.9011650681,,,
19.8125000000,1,1.0835462809,2.0032391548,2.6237552166,2.8613142967,2.6967930794,2.1765952110,1.4014188051,0.5054995418,-0.3692488968,-1.0988761187,-1.5977442265,-1.8298071623,-1.8091027737,-1.5901036263,-1.2507112026,-0.8721416593,,,
19.8203125000,1,1.6387979984,2.5639748573,2.4535732269,1.5297267437,0.3858597279,-0.3911676705,-0.5589692593,-0.3088194132,-0.0676245242,-0.1637639403,-0.5910907984,-1.0292377472,-1.0970938206,-0.6540821195,0.0690746084,0.6099174619,,,
19.8281250000,1,1.9842878580,2.0732340813,1.0130569935,0.7438949347,1.2713295221,0.8674333692,-0.8150540590,-1.8501131535,-0.9281361699,0.5408444405,0.5078028440,-0.6863142848,-1.0607295036,-0.2219434381,0.1317458749,-0.8226782084,,,
19.8359375000,1,2.0549759865,1.1461623907,1.1690522432,2.0504150391,0.1330150813,-1.3849896193,-0.0222228412,-0.0155784627,-1.1215617657,0.2064645886,0.7483105063,-1.3425070047,-1.4899826050,-0.1837566346,-0.9484089613,-0.6228051186,,,
19.8437500000,1,1.8594977856,0.8046781421,2.3693394661,0.3769378662,-0.5926969647,0.3278581202,-1.3669692278,0.5475848317,0.2339621186,-0.9874299765,0.0761460885,-2.1698362827,-1.0167895555,0.2329182625,0.0143670067,2.7738978863,,,
19.8515625000,1,1.4776085615,1.4326930046,1.7915091515,-0.3827377558,0.3785886765,-1.2886270285,0.9742535949,-0.7859619856,0.7599376440,-2.0382211208,-0.6533544064,-1.9739526510,0.7868235111,0.8251555562,2.3426177502,1.1752309799,,,
19.8593750000,1,1.0381530523,2.3841962814,0.1254396737,0.9494140744,-1.4051579237,0.8030396104,-0.3522756100,0.2858668268,-1.0257810354,-2.0037827492,-0.5759503245,-0.6605215669,2.5145390034,0.8041524887,1.8061084747,-0.8059603572,,,
19.8671875000,1,0.6835972667,2.6444001198,0.2102982104,-0.6017343402,0.6990402937,-0.5795872808,0.3604155779,-0.0645066202,-2.6810984612,-0.8205424547,0.2885432243,0.5864574313,2.5530517101,0.3826352358,-0.8219137192,0.7681335807,,,
19.8750000000,1,0.5308464170,1.8687484264,1.2983703613,-0.9221253991,-0.6542291045,1.2671185732,0.1846320480,-2.4452841282,-1.8118506670,0.6514757276,1.0604856014,0.6380212903,1.0934722424,0.5560769439,-0.6777411699,0.0544380471,,,
19.8828125000,1,0.6390873790,0.7386813760,0.6238149405,0.7327972651,0.5836997032,-0.4807496667,-1.7606536150,-1.6596916914,0.0135653932,1.3754632473,0.9139672518,-0.3066837490,-0.1697987467,1.2133593559,1.4316666126,-0.6203716993,,,
19.8906250000,1,0.9934715629,0.2707126141,-0.9222537875,-0.5312567949,0.7596235275,0.7166991830,-0.5779430270,-0.8686388135,0.3685919940,1.0096327066,-0.0561181046,-1.0088413954,-0.2363132536,0.8945428133,0.4162071049,-0.8296360373,,,
19.8984375000,1,1.5091097355,0.7841793299,-0.5712966919,-0.4229385555,-0.0946716145,-1.4327600002,-2.7706923485,-1.7781400681,0.1062050313,0.1492334604,-0.9036725760,-0.6879405379,0.0672742650,-0.8954243064,-2.6040413380,-2.2478709221,,,
19.9062500000,1,2.0542852879,1.5815466642,0.7097167969,1.3688001633,1.3344956636,-0.5649176240,-1.3560135365,0.2037297487,0.9968085289,-0.2474043220,-0.7747303247,0.0558812022,-0.5104587674,-2.3546204567,-2.1310329437,0.0960102156,,,
19.9140625000,1,2.4865238667,1.6674908400,0.2008625716,0.0848881379,-0.9659306407,-2.5053524971,-1.0834987164,1.7816517353,1.8264859915,0.2771943510,0.2294748574,-0.0093936007,-1.7111746073,-1.6138447523,0.8380322456,1.5017603636,,,
19.9218750000,1,2.6916344166,0.7722052932,-1.0312414169,0.2194924057,0.3160605431,-1.2880884409,-0.9918580651,0.3304517269,0.6876991391,1.2853884697,1.1458292007,-1.2240520716,-2.0099749565,0.4121943116,0.8768748641,-1.1269611120,,,
19.9296875000,1,2.6150219440,-0.3662903011,-0.3182735145,1.7099581957,-1.4831461906,-2.4587979317,1.3914693594,0.8160723448,-0.8974613547,1.8471423388,1.1066278219,-2.5597155094,-0.7266246676,1.0167008638,-1.1683826447,0.3539749682,,,
19.9375000000,1,2.2766871452,-0.7493731380,1.1512631178,0.0233085733,-1.6026426554,-0.6583479643,-0.0316908248,1.2898409367,-0.2072719485,1.3651403189,0.1932845563,-2.7687218189,0.9057291746,-0.4738260806,-0.3986850381,2.3919861317,,,
19.9453125000,1,1.7658073902,-0.1317701787,0.7184209228,-0.1075725704,-1.3764243126,-1.2015330791,1.6905238628,-0.7789639235,1.8369802237,0.0937805697,-0.6736149192,-1.8063359261,1.2336733341,-1.5762836933,2.1515936852,0.5560128689,,,
19.9531250000,1,1.2163765430,0.7329605222,-0.3718925714,0.9267748594,-2.8560178280,0.6803343892,0.5090289116,-0.1835253537,2.1470351219,-1.0873191357,-0.6877775788,-0.8458455801,0.2663115561,-0.1540871561,1.9292278290,0.1534587443,,,
19.9609375000,1,0.7705847025,0.8659156561,0.4498874843,-1.1319549084,-0.8442888260,0.0858925208,-0.1160081476,1.5256497860,0.6582069993,-1.4252129793,0.0218659323,-0.8752918839,-0.4434247315,2.3572304249,-0.2138583064,-0.5195548534,,,
19.9687500000,1,0.5399703979,0.0652986094,1.8016815186,-1.3377383947,-2.3624303341,1.3816971779,0.7334423065,0.5766710639,-0.1129265428,-0.9054877162,0.5403048396,-1.5454618931,0.0695503876,2.7667586803,-0.5023873448,-1.0973087549,,,
19.9765625000,1,0.5749925971,-0.8859326839,1.1254429817,-0.4319603443,-0.3401935399,0.3104806244,-1.0639362335,1.3040210009,0.1087794825,-0.2052752078,0.1319625229,-1.6346517801,0.9412214160,0.5276021957,0.3710416853,0.5395045877,,,
19.9843750000,1,0.8513594866,-1.0193185806,-0.1345546246,-2.4216945171,-0.4761142731,0.9428578615,1.1934007406,2.5411362648,-0.6558716893,-0.0579020791,-0.9658728242,-0.5690433383,0.7819475532,-1.5348899364,-0.2047118843,-1.2838953733,,,
19.9921875000,1,1.2768598795,-0.1708872616,0.5061892271,-2.2347624302,-0.1694949120,-0.2986155748,0.4507250488,0.2917994857,-2.1433429718,-0.6043370366,-1.7383497953,0.8205337524,-0.3143989742,-1.1531907320,-1.2970514297,-2.4108591080,,,
